{
  "cv_rmse_mean": 1093.27800679583,
  "cv_mae_mean": 766.7131542613229,
  "cv_r2_mean": 0.5889425937108255,
  "cv_rmse_std": 32.80401891125255,
  "cv_mae_std": 23.592531642967,
  "cv_r2_std": 0.010151989505712083
}