{
  "cv_rmse_mean": 1100.1874107335536,
  "cv_mae_mean": 768.9459536969508,
  "cv_r2_mean": 0.5837323085255808,
  "cv_rmse_std": 34.31158185459531,
  "cv_mae_std": 24.816040275558198,
  "cv_r2_std": 0.011383831303129255
}