{
  "numeric_bounds": {
    "Item_Weight": {
      "q1": 8.06,
      "q3": 16.1,
      "iqr": 8.040000000000001,
      "lower": -4.000000000000002,
      "upper": 28.160000000000004
    },
    "Item_Visibility": {
      "q1": 0.026938854249999998,
      "q3": 0.09479066,
      "iqr": 0.06785180575,
      "lower": -0.07483885437499999,
      "upper": 0.196568368625
    },
    "Item_MRP": {
      "q1": 94.2,
      "q3": 186.9,
      "iqr": 92.7,
      "lower": -44.85000000000001,
      "upper": 325.95000000000005
    },
    "Outlet_Establishment_Year": {
      "q1": 1987.0,
      "q3": 2004.0,
      "iqr": 17.0,
      "lower": 1961.5,
      "upper": 2029.5
    }
  },
  "computed_from": "training_split_only"
}